{
  "total_pairs": 5000,
  "unique_prompts": 1,
  "scenario_distribution": {
    "A": 5000
  },
  "pairs_per_prompt": {
    "mean": 5000.0,
    "min": 5000,
    "max": 5000,
    "std": 0.0
  },
  "energy_gap": {
    "mean": 4.183434854736,
    "median": 2.5862494,
    "std": 5.985272865864826,
    "min": 1.7214640699999997,
    "max": 108.41488538,
    "p10": 1.9230616740000002,
    "p25": 2.1248815399999996,
    "p75": 3.8365783725000004,
    "p90": 7.007368724000008
  },
  "chosen_energy": {
    "mean": -5.663293066264001,
    "median": -5.61624686,
    "std": 0.13511444383410492
  },
  "rejected_energy": {
    "mean": -1.479858211528,
    "median": -3.08520181,
    "std": 5.98472870169994
  },
  "chosen_token_length": {
    "mean": 462.9394,
    "median": 434.0,
    "std": 73.61148094991705,
    "min": 433,
    "max": 738
  },
  "rejected_token_length": {
    "mean": 528.6526,
    "median": 465.0,
    "std": 98.86963494035972,
    "min": 403,
    "max": 800
  }
}